{
  "web/coi-serviceworker.js": 1774274050.2113929,
  "tests/test_theme.cpp": 1775482727.1843379,
  "tests/test_preset_manager.cpp": 1775805563.4537475,
  "tests/test_common.cpp": 1775482727.1837893,
  "tests/test_command_history.cpp": 1775482727.1836894,
  "tests/test_snapshot_manager.cpp": 1775805563.4538496,
  "tests/test_effects.cpp": 1775482727.1839335,
  "tests/test_recorder.cpp": 1775482727.1842291,
  "tests/test_main.cpp": 1775390203.5164714,
  "tests/test_midi_manager.cpp": 1775805563.4535854,
  "tests/test_framework.h": 1775390203.5167124,
  "tests/test_ir_cabinet.cpp": 1775805563.4534554,
  "tests/web/server.js": 1775482727.1847405,
  "tests/web/playwright.config.ts": 1775482727.1846611,
  "tests/web/amplitron.spec.ts": 1775482727.1844425,
  "android/app/src/main/java/com/amplitron/app/AmplitronActivity.java": 1775805563.4416063,
  "scripts/package_windows.ps1": 1775482727.164753,
  "scripts/build_windows.ps1": 1775482727.163757,
  "scripts/setup_dependencies.ps1": 1775390207.4338415,
  "external/dr_wav.h": 1775737205.8810837,
  "external/nanosvg.h": 1775483215.1214316,
  "external/nanosvgrast.h": 1775483215.1340067,
  "external/imgui/imgui.h": 1775390203.5297766,
  "external/imgui/imstb_textedit.h": 1775390203.5314975,
  "external/imgui/imconfig.h": 1775390203.5320742,
  "external/imgui/imgui_widgets.cpp": 1775390203.5428967,
  "external/imgui/imstb_truetype.h": 1775390203.546979,
  "external/imgui/imgui.cpp": 1775390203.600269,
  "external/imgui/imgui_internal.h": 1775390203.6312551,
  "external/imgui/imstb_rectpack.h": 1775390203.6322482,
  "external/imgui/imgui_tables.cpp": 1775390203.637886,
  "external/imgui/imgui_demo.cpp": 1775390203.6500502,
  "external/imgui/imgui_draw.cpp": 1775390203.6562617,
  "external/imgui/misc/single_file/imgui_single_file.h": 1775390203.5170605,
  "external/imgui/misc/freetype/imgui_freetype.h": 1775390203.5176058,
  "external/imgui/misc/freetype/imgui_freetype.cpp": 1775390203.5188608,
  "external/imgui/misc/debuggers/imgui_lldb.py": 1774459625.6020613,
  "external/imgui/misc/cpp/imgui_stdlib.h": 1775390203.5191867,
  "external/imgui/misc/cpp/imgui_stdlib.cpp": 1775390203.5194902,
  "external/imgui/misc/fonts/binary_to_compressed_c.cpp": 1775390203.5204844,
  "external/imgui/backends/imgui_impl_allegro5.h": 1775390203.5474484,
  "external/imgui/backends/imgui_impl_win32.h": 1775390203.5478523,
  "external/imgui/backends/imgui_impl_dx12.h": 1775390203.5481896,
  "external/imgui/backends/imgui_impl_sdlrenderer3.h": 1775390203.5485694,
  "external/imgui/backends/imgui_impl_wgpu.h": 1775390203.5489511,
  "external/imgui/backends/imgui_impl_sdlgpu3.cpp": 1775390203.5502126,
  "external/imgui/backends/imgui_impl_osx.h": 1775390203.5508075,
  "external/imgui/backends/imgui_impl_sdl2.h": 1775390203.551465,
  "external/imgui/backends/imgui_impl_sdl3.cpp": 1775390203.552894,
  "external/imgui/backends/imgui_impl_opengl3.h": 1775390203.5533283,
  "external/imgui/backends/imgui_impl_sdlgpu3.h": 1775390203.5536592,
  "external/imgui/backends/imgui_impl_dx11.h": 1775390203.5539818,
  "external/imgui/backends/imgui_impl_sdl2.cpp": 1775390203.5556595,
  "external/imgui/backends/imgui_impl_android.cpp": 1775390203.5562978,
  "external/imgui/backends/imgui_impl_sdlgpu3_shaders.h": 1775390203.5571558,
  "external/imgui/backends/imgui_impl_win32.cpp": 1775390203.5586667,
  "external/imgui/backends/imgui_impl_sdl3.h": 1775390203.5590587,
  "external/imgui/backends/imgui_impl_glut.h": 1775390203.5593884,
  "external/imgui/backends/imgui_impl_opengl2.h": 1775390203.5601277,
  "external/imgui/backends/imgui_impl_opengl3_loader.h": 1775390203.5614343,
  "external/imgui/backends/imgui_impl_metal.mm": 1774459625.5615113,
  "external/imgui/backends/imgui_impl_dx10.h": 1775390203.561727,
  "external/imgui/backends/imgui_impl_glut.cpp": 1775390203.562226,
  "external/imgui/backends/imgui_impl_allegro5.cpp": 1775390203.563357,
  "external/imgui/backends/imgui_impl_dx9.cpp": 1775390203.5642078,
  "external/imgui/backends/imgui_impl_null.cpp": 1775390203.5645635,
  "external/imgui/backends/imgui_impl_opengl2.cpp": 1775390203.5654137,
  "external/imgui/backends/imgui_impl_glfw.h": 1775390203.5659535,
  "external/imgui/backends/imgui_impl_metal.h": 1775390203.5662997,
  "external/imgui/backends/imgui_impl_opengl3.cpp": 1775390203.567849,
  "external/imgui/backends/imgui_impl_null.h": 1775390203.5681038,
  "external/imgui/backends/imgui_impl_dx10.cpp": 1775390203.5690703,
  "external/imgui/backends/imgui_impl_vulkan.cpp": 1775390203.57151,
  "external/imgui/backends/imgui_impl_osx.mm": 1774459625.562725,
  "external/imgui/backends/imgui_impl_dx11.cpp": 1775390203.572941,
  "external/imgui/backends/imgui_impl_dx9.h": 1775390203.5733867,
  "external/imgui/backends/imgui_impl_sdlrenderer2.h": 1775390203.5739267,
  "external/imgui/backends/imgui_impl_dx12.cpp": 1775390203.57549,
  "external/imgui/backends/imgui_impl_wgpu.cpp": 1775390203.577119,
  "external/imgui/backends/imgui_impl_android.h": 1775390203.5774162,
  "external/imgui/backends/imgui_impl_vulkan.h": 1775390203.5781155,
  "external/imgui/backends/imgui_impl_sdlrenderer3.cpp": 1775390203.578746,
  "external/imgui/backends/imgui_impl_sdlrenderer2.cpp": 1775390203.57943,
  "external/imgui/backends/imgui_impl_glfw.cpp": 1775390203.581336,
  "external/imgui/examples/example_glfw_opengl2/main.cpp": 1775390203.6010628,
  "external/imgui/examples/example_null/main.cpp": 1775390203.6016827,
  "external/imgui/examples/example_glfw_opengl3/main.cpp": 1775390203.6024835,
  "external/imgui/examples/example_glut_opengl2/main.cpp": 1775390203.603036,
  "external/imgui/examples/example_sdl2_vulkan/main.cpp": 1775390203.604446,
  "external/imgui/examples/example_sdl3_metal/main.mm": 1774459625.5834997,
  "external/imgui/examples/example_win32_directx9/main.cpp": 1775390203.6050465,
  "external/imgui/examples/example_glfw_vulkan/main.cpp": 1775390203.606084,
  "external/imgui/examples/example_win32_opengl3/main.cpp": 1775390203.6066322,
  "external/imgui/examples/example_glfw_wgpu/main.cpp": 1775390203.6076586,
  "external/imgui/examples/example_allegro5/imconfig_allegro5.h": 1775390203.6079426,
  "external/imgui/examples/example_allegro5/main.cpp": 1775390203.608332,
  "external/imgui/examples/example_win32_directx10/main.cpp": 1775390203.6088877,
  "external/imgui/examples/example_sdl2_metal/main.mm": 1774459625.5794554,
  "external/imgui/examples/example_glfw_metal/main.mm": 1774459625.575078,
  "external/imgui/examples/example_win32_vulkan/main.cpp": 1775390203.6098695,
  "external/imgui/examples/example_win32_directx11/main.cpp": 1775390203.6103973,
  "external/imgui/examples/example_sdl3_wgpu/main.cpp": 1775390203.611534,
  "external/imgui/examples/libs/usynergy/uSynergy.h": 1775390203.6122634,
  "external/imgui/examples/libs/usynergy/uSynergy.c": 1774459625.5920138,
  "external/imgui/examples/libs/emscripten/emscripten_mainloop_stub.h": 1775390203.6127017,
  "external/imgui/examples/libs/glfw/include/GLFW/glfw3.h": 1775390203.6165538,
  "external/imgui/examples/libs/glfw/include/GLFW/glfw3native.h": 1775390203.6172328,
  "external/imgui/examples/example_apple_opengl2/main.mm": 1774459625.5747695,
  "external/imgui/examples/example_sdl2_opengl2/main.cpp": 1775390203.61773,
  "external/imgui/examples/example_sdl2_opengl3/main.cpp": 1775390203.6183522,
  "external/imgui/examples/example_sdl2_directx11/main.cpp": 1775390203.6187916,
  "external/imgui/examples/example_sdl3_opengl3/main.cpp": 1775390203.6192117,
  "external/imgui/examples/example_sdl3_sdlgpu3/main.cpp": 1775390203.61979,
  "external/imgui/examples/example_sdl3_vulkan/main.cpp": 1775390203.6209285,
  "external/imgui/examples/example_sdl2_wgpu/main.cpp": 1775390203.6219451,
  "external/imgui/examples/example_android_opengl3/main.cpp": 1775390203.6225832,
  "external/imgui/examples/example_android_opengl3/android/app/src/main/java/MainActivity.kt": 1774459625.5726924,